Horizon_Weeks,Q1_Return,Q2_Return,Q3_Return,Q4_Return,Q5_Return,LS_Return,LS_tstat
1,0.032449828243745954,0.0415277184586863,0.06898446418572733,0.07347034185430772,0.04882252698073103,0.016372698736985082,1.3599146775815285
5,0.03493689888109539,0.035256828042876574,0.09451423416813748,0.0750280432529051,0.03855273062054715,0.0012140929891085645,0.0958339886954887
10,0.026353523478759678,0.05176072594658959,0.07111259563656465,0.09029744069465115,0.057909228795034615,0.03155570531627494,2.4337404162569793
20,0.032773636775906716,0.06305061036895449,0.0605758294063098,0.07072032963305949,0.03320697998517624,0.0004333432092695238,0.03263435047533238
40,0.041499109587942666,0.05652497853319656,0.0324002292103807,0.07235281370996637,0.05103269749780266,0.009533587909859984,0.6554048469455213
