Horizon_Weeks,Q1_Return,Q2_Return,Q3_Return,Q4_Return,Q5_Return,LS_Return,LS_tstat
1,0.07970139681997776,0.07675820914943007,0.04808942699037065,0.04023676337431655,0.032647569293744266,-0.04750134373454333,-1.552871008857413
5,0.07369519582025896,0.07399746886805024,0.05284765668519105,0.05534175993382941,0.03295546123541785,-0.042772581993615645,-1.3941434208201033
10,0.09306424413767701,0.05904380710726257,0.06782068786677208,0.049997890432951185,0.03316707497810216,-0.05989716915957484,-1.8748046958538545
20,0.057900498867584665,0.07429580918699837,0.06164300522983228,0.04973522469381641,0.023348241318914036,-0.03455225754867061,-1.1240765701009523
40,0.03301968496279537,0.08041174253488402,0.0693077052894456,0.034973635885988764,0.053462190264836784,0.020442505302041405,0.6950483154223287
