Portfolio,Mean_Return,Std_Return,t_stat,Sharpe,N_obs
LowHP_LowQ,0.04293711766077209,0.08383966871710775,1.9707295306572559,0.5121336751180486,770
LowHP_HighQ,0.04715446890747195,0.08360726542275546,2.1703137884750743,0.5639996556404281,770
HighHP_LowQ,0.029545370189299872,0.13487105657433726,0.8385838417387143,0.21906382985155357,762
HighHP_HighQ,0.08224169371413483,0.14024992309793957,2.24326236624258,0.5863938596009329,761
